source,base,quote,instrument,url,at,raw_file,mid,spread_bps,levels,bid_1pct_usd,ask_1pct_usd,min_1pct_usd,complete_1pct,bid_2pct_usd,ask_2pct_usd,min_2pct_usd,complete_2pct,assessment,error,contract_base_units
BINANCE,AAVE,USDT,AAVE/USDT spot,https://api.binance.com/api/v3/depth?symbol=AAVEUSDT&limit=5000,2026-09-18T09:58:59.920560+00:00,book-BINANCE-AAVE-USDT.json,135.415,0.7384706273301264,"[2603, 5000]",170205.06946683626,201130.84567437126,170205.06946683626,True,625623.0226930312,261601.16741471252,261601.16741471252,True,Deeper,,
BINANCE,BTC,EUR,BTC/EUR spot,https://api.binance.com/api/v3/depth?symbol=BTCEUR&limit=5000,2026-09-18T10:07:06.324659+00:00,book-BINANCE-BTC-EUR.json,68038.945,0.001469746480454879,"[4688, 5000]",550663.3031328318,760294.2264609304,550663.3031328318,True,728122.8756091498,1061380.356234693,728122.8756091498,True,Deeper,,
BINANCE,BTC,USDT,BTC/USDT spot,https://api.binance.com/api/v3/depth?symbol=BTCUSDT&limit=5000,2026-09-18T09:59:04.932894+00:00,book-BINANCE-BTC-USDT.json,78201.655,0.0012787453167472256,"[5000, 5000]",18040617.456408415,22167353.005749125,18040617.456408415,False,18468987.035110667,22167353.005749125,18468987.035110667,False,Deeper,,
BINANCE,DASH,USDT,DASH/USDT spot,https://api.binance.com/api/v3/depth?symbol=DASHUSDT&limit=5000,2026-09-18T09:58:55.693727+00:00,book-BINANCE-DASH-USDT.json,59.56,3.3579583613168444,"[1567, 3918]",215348.30376376875,197575.52437493502,197575.52437493502,True,273566.48655149754,234333.82090775124,234333.82090775124,True,Deeper,,
BINANCE,ETH,USDT,ETH/USDT spot,https://api.binance.com/api/v3/depth?symbol=ETHUSDT&limit=5000,2026-09-18T09:58:29.239253+00:00,book-BINANCE-ETH-USDT.json,2508.385,0.03986628846753401,"[5000, 5000]",8416580.082363417,9200680.25327543,8416580.082363417,True,10306141.057831794,14223553.300961649,10306141.057831794,True,Deeper,,
BINANCE,EUR,USDT,EUR/USDT spot,https://api.binance.com/api/v3/depth?symbol=EURUSDT&limit=5000,2026-09-18T10:07:03.254172+00:00,book-BINANCE-EUR-USDT.json,1.1493,1.740189680675002,"[468, 453]",625072.584058635,396337.3542435025,396337.3542435025,True,654607.8870457513,435692.1473721138,435692.1473721138,True,Deeper,,
BINANCE,LINK,USDT,LINK/USDT spot,https://api.binance.com/api/v3/depth?symbol=LINKUSDT&limit=5000,2026-09-18T09:58:58.339639+00:00,book-BINANCE-LINK-USDT.json,11.8835,0.8415029242236901,"[3578, 5000]",486634.26582175377,478846.009644015,478846.009644015,True,615559.6210809813,545804.4004521437,545804.4004521437,True,Deeper,,
BINANCE,MORPHO,USDT,MORPHO/USDT spot,https://api.binance.com/api/v3/depth?symbol=MORPHOUSDT&limit=5000,2026-09-18T09:58:59.393335+00:00,book-BINANCE-MORPHO-USDT.json,2.3545,4.247186239116118,"[374, 471]",431125.674665,222260.66678920877,222260.66678920877,True,434630.14154102624,230290.53843826125,230290.53843826125,True,Deeper,,
BINANCE,PAXG,USDT,PAXG/USDT spot,https://api.binance.com/api/v3/depth?symbol=PAXGUSDT&limit=5000,2026-09-18T09:58:57.844062+00:00,book-BINANCE-PAXG-USDT.json,4375.015,0.022857064490563527,"[5000, 5000]",2818351.3289262247,2407348.855029234,2407348.855029234,True,3195798.5335890474,3870708.478981369,3195798.5335890474,True,Deeper,,
BINANCE,STRK,USDT,STRK/USDT spot,https://api.binance.com/api/v3/depth?symbol=STRKUSDT&limit=5000,2026-09-18T09:58:35.271893+00:00,book-BINANCE-STRK-USDT.json,0.034199999999999994,5.847953216374032,"[466, 5000]",37876.94460024226,33650.22888460672,33650.22888460672,True,67833.9357085148,44848.49586201979,44848.49586201979,True,Thin,,
BINANCE,UNI,USDT,UNI/USDT spot,https://api.binance.com/api/v3/depth?symbol=UNIUSDT&limit=5000,2026-09-18T09:58:59.322899+00:00,book-BINANCE-UNI-USDT.json,9.0775,1.1016248967220552,"[4810, 5000]",293659.4741401913,347694.35565218126,293659.4741401913,True,380188.50945747754,613577.2524226375,380188.50945747754,True,Deeper,,
BINANCE,USDC,USDT,USDC/USDT spot,https://api.binance.com/api/v3/depth?symbol=USDCUSDT&limit=5000,2026-09-18T09:58:37.257810+00:00,book-BINANCE-USDC-USDT.json,1.000725,0.09992755252285561,"[701, 674]",29853988.485387996,23015350.290875927,23015350.290875927,True,29946661.559253406,23032691.823356267,23032691.823356267,True,Deeper,,
BINANCE,USDT,USD,USDT/USD spot,https://api.binance.com/api/v3/depth?symbol=USDTUSD&limit=5000,2026-09-18T09:58:39.752911+00:00,book-BINANCE-USDT-USD.json,0.999125,0.10008757662909536,"[116, 133]",593185.43824,6410969.0383399995,593185.43824,True,615866.5076,6414857.6444,615866.5076,True,Deeper,,
BINANCE,WBTC,BTC,WBTC/BTC spot,https://api.binance.com/api/v3/depth?symbol=WBTCBTC&limit=5000,2026-09-18T10:07:06.303328+00:00,book-BINANCE-WBTC-BTC.json,0.99945,1.0005503026674674,"[159, 95]",26887880.125592794,11345071.34406066,11345071.34406066,True,26889402.44513367,12136123.858493585,12136123.858493585,True,Deeper,,
BINANCE,WBTC,USDT,WBTC/USDT spot,https://api.binance.com/api/v3/depth?symbol=WBTCUSDT&limit=5000,2026-09-18T09:58:40.224294+00:00,book-BINANCE-WBTC-USDT.json,78171.925,0.052448497335007734,"[356, 285]",289065.9947374313,204317.232358309,204317.232358309,True,337369.25839066075,207513.32508991734,207513.32508991734,True,Deeper,,
BINANCE,XAUT,USDT,XAUT/USDT spot,https://api.binance.com/api/v3/depth?symbol=XAUTUSDT&limit=5000,2026-09-18T09:58:56.612179+00:00,book-BINANCE-XAUT-USDT.json,4376.3150000000005,0.02285027471584834,"[2857, 3008]",1819496.2890402556,1745563.2880136806,1745563.2880136806,True,2062182.8268280874,1866947.495617854,1866947.495617854,True,Deeper,,
BINANCE,XMR,USDT,XMR/USDT spot,https://api.binance.com/api/v3/depth?symbol=XMRUSDT&limit=5000,2026-09-18T09:58:54.258171+00:00,book-BINANCE-XMR-USDT.json,,,,,,,,,,,,Unverified,Empty order book,
BINANCE,ZEC,USDT,ZEC/USDT spot,https://api.binance.com/api/v3/depth?symbol=ZECUSDT&limit=5000,2026-09-18T09:58:56.316500+00:00,book-BINANCE-ZEC-USDT.json,1481.045,0.067519893048428,"[5000, 3710]",1304326.798911185,1583187.4966010062,1304326.798911185,True,2276908.189259879,2189711.2944614165,2189711.2944614165,True,Deeper,,
BITGET,BTC,EUR,BTC/EUR spot,https://api.bitget.com/api/v2/spot/market/orderbook?symbol=BTCEUR&type=step0&limit=200,2026-09-18T10:07:06.176117+00:00,book-BITGET-BTC-EUR.json,68077.535,0.0014689133492805388,"[150, 150]",1489686.8151885006,1527848.3845038053,1489686.8151885006,True,1631351.7528677948,1674605.1762605147,1631351.7528677948,True,Deeper,,
BITGET,BTC,USDT,BTC/USDT spot,https://api.bitget.com/api/v2/spot/market/orderbook?symbol=BTCUSDT&type=step0&limit=200,2026-09-18T09:58:05.287305+00:00,book-BITGET-BTC-USDT.json,78199.205,0.00127878538014718,"[150, 150]",8599498.321629645,8991699.240852892,8599498.321629645,False,8599498.321629645,8991699.240852892,8599498.321629645,False,Deeper,,
BITGET,DAI,USDT,DAI/USDT spot,https://api.bitget.com/api/v2/spot/market/orderbook?symbol=DAIUSDT&type=step0&limit=200,2026-09-18T09:58:12.378091+00:00,book-BITGET-DAI-USDT.json,,,,,,,,,,,,Unverified,"HTTP 400 {""code"":""40034"",""msg"":""Parameter DAIUSDT does not exist"",""requestTime"":1789725492218,""data"":null}",
BITGET,DOG,USDT,DOG/USDT spot,https://api.bitget.com/api/v2/spot/market/orderbook?symbol=DOGUSDT&type=step0&limit=200,2026-09-18T10:00:55.081526+00:00,book-BITGET-DOG-USDT.json,0.0010352,92.73570324574978,"[150, 150]",463.2512413864412,1293.7572278952389,463.2512413864412,True,1710.6576067348662,2545.92384370675,1710.6576067348662,True,Very thin,,
BITGET,ETH,USDT,ETH/USDT spot,https://api.bitget.com/api/v2/spot/market/orderbook?symbol=ETHUSDT&type=step0&limit=200,2026-09-18T09:58:29.986278+00:00,book-BITGET-ETH-USDT.json,2508.0950000000003,0.039870898031229,"[150, 150]",4844785.461733644,8676714.470166277,4844785.461733644,False,4844785.461733644,8676714.470166277,4844785.461733644,False,Deeper,,
BITGET,EUR,USDT,EUR/USDT spot,https://api.bitget.com/api/v2/spot/market/orderbook?symbol=EURUSDT&type=step0&limit=200,2026-09-18T10:07:06.209331+00:00,book-BITGET-EUR-USDT.json,,,,,,,,,,,,Unverified,"HTTP 400 {""code"":""40034"",""msg"":""Parameter EURUSDT does not exist"",""requestTime"":1789726026041,""data"":null}",
BITGET,STRK,USDT,STRK/USDT spot,https://api.bitget.com/api/v2/spot/market/orderbook?symbol=STRKUSDT&type=step0&limit=200,2026-09-18T09:58:34.475832+00:00,book-BITGET-STRK-USDT.json,0.03421,11.692487576731475,"[150, 150]",13226.8271713668,10330.922469999263,10330.922469999263,True,28265.67830991649,22781.719322763387,22781.719322763387,True,Thin,,
BITGET,USDC,USDT,USDC/USDT spot,https://api.bitget.com/api/v2/spot/market/orderbook?symbol=USDCUSDT&type=step0&limit=200,2026-09-18T09:58:37.638054+00:00,book-BITGET-USDC-USDT.json,1.000725,0.09992755252285561,"[150, 146]",21857199.713382207,18549396.090552524,18549396.090552524,True,23298168.422221437,19366794.174971975,19366794.174971975,True,Deeper,,
BITGET,USDT,USD,USDT/USD spot,https://api.bitget.com/api/v2/spot/market/orderbook?symbol=USDTUSD&type=step0&limit=200,2026-09-18T09:58:39.858252+00:00,book-BITGET-USDT-USD.json,0.999205,1.9015117018020573,"[17, 20]",394652.2555347,476651.9431433,394652.2555347,True,432062.37917070003,476651.9431433,432062.37917070003,True,Deeper,,
BITGET,WBTC,USDT,WBTC/USDT spot,https://api.bitget.com/api/v2/spot/market/orderbook?symbol=WBTCUSDT&type=step0&limit=200,2026-09-18T09:58:40.290801+00:00,book-BITGET-WBTC-USDT.json,78135.54999999999,9.176360824233925,"[137, 118]",189341.50184434376,145535.19523220538,145535.19523220538,True,225216.66379066528,150209.977116792,150209.977116792,True,Deeper,,
BITSTAMP,BTC,EUR,BTC/EUR spot,https://www.bitstamp.net/api/v2/order_book/btceur/,2026-09-18T10:07:04.982418+00:00,book-BITSTAMP-BTC-EUR.json,68046.845,0.0014695758501828008,"[2337, 2346]",1504755.026689997,1666361.7223498782,1504755.026689997,True,1555109.696798722,2024366.5178671193,1555109.696798722,True,Deeper,,
BITSTAMP,BTC,USD,BTC/USD spot,https://www.bitstamp.net/api/v2/order_book/btcusd/,2026-09-18T09:58:12.934050+00:00,book-BITSTAMP-BTC-USD.json,78119.83499999999,0.001280084628284393,"[3103, 3025]",5910322.493839315,4339410.69672405,4339410.69672405,True,6007650.377513385,5236521.848711777,5236521.848711777,True,Deeper,,
BITSTAMP,DAI,USD,DAI/USD spot,https://www.bitstamp.net/api/v2/order_book/daiusd/,2026-09-18T09:58:13.369764+00:00,book-BITSTAMP-DAI-USD.json,,,,,,,,,,,,Unverified,"HTTP 404 <html>
<head><title>404 Not Found</title></head>
<body>
<center><h1>404 Not Found</h1></center>
<hr><center>nginx</c",
BITSTAMP,ETH,USD,ETH/USD spot,https://www.bitstamp.net/api/v2/order_book/ethusd/,2026-09-18T09:58:30.937222+00:00,book-BITSTAMP-ETH-USD.json,2506.085,0.03990287639971621,"[742, 1031]",1857431.96233895,3429539.23619272,1857431.96233895,True,1857849.25207443,6065432.35826719,1857849.25207443,True,Deeper,,
BITSTAMP,STRK,USD,STRK/USD spot,https://www.bitstamp.net/api/v2/order_book/strkusd/,2026-09-18T09:58:34.408506+00:00,book-BITSTAMP-STRK-USD.json,,,,,,,,,,,,Unverified,'bids',
BITSTAMP,USDC,USD,USDC/USD spot,https://www.bitstamp.net/api/v2/order_book/usdcusd/,2026-09-18T09:58:37.441481+00:00,book-BITSTAMP-USDC-USD.json,0.9998750000000001,0.10001250156224017,"[90, 87]",547028.8890732647,850231.8023643804,547028.8890732647,True,832525.7844175495,904856.1288221331,832525.7844175495,True,Deeper,,
BITSTAMP,USDT,USD,USDT/USD spot,https://www.bitstamp.net/api/v2/order_book/usdtusd/,2026-09-18T09:58:39.714007+00:00,book-BITSTAMP-USDT-USD.json,0.999125,0.10008757662909536,"[25, 54]",2474003.891191153,2531414.9425066635,2474003.891191153,True,2474129.4355892474,2595984.4955394184,2474129.4355892474,True,Deeper,,
BYBIT,AAVE,USDT,AAVE/USDT spot,https://api.bybit.com/v5/market/orderbook?category=spot&symbol=AAVEUSDT&limit=200,2026-09-18T09:58:59.117002+00:00,book-BYBIT-AAVE-USDT.json,135.425,0.7384160974723519,"[200, 200]",177872.6870757675,132129.72557370775,132129.72557370775,True,182146.10189809938,170671.88742440287,170671.88742440287,True,Deeper,,
BYBIT,BTC,EUR,BTC/EUR spot,https://api.bybit.com/v5/market/orderbook?category=spot&symbol=BTCEUR&limit=200,2026-09-18T10:07:05.583273+00:00,book-BYBIT-BTC-EUR.json,68039.4,5.085288817948316,"[200, 166]",27935.64036522579,22553.13876889519,22553.13876889519,True,27935.64036522579,22661.161678844102,22661.161678844102,True,Thin,,
BYBIT,BTC,USDT,BTC/USDT spot,https://api.bybit.com/v5/market/orderbook?category=spot&symbol=BTCUSDT&limit=200,2026-09-18T09:58:10.567099+00:00,book-BYBIT-BTC-USDT.json,78194.85,0.012788565997795103,"[200, 200]",3195015.4028038937,3702895.999656228,3195015.4028038937,False,3195015.4028038937,3702895.999656228,3195015.4028038937,False,Deeper,,
BYBIT,DAI,USDT,DAI/USDT spot,https://api.bybit.com/v5/market/orderbook?category=spot&symbol=DAIUSDT&limit=200,2026-09-18T09:58:13.852095+00:00,book-BYBIT-DAI-USDT.json,,,,,,,,,,,,Unverified,Not supported symbols,
BYBIT,DASH,USDT,DASH/USDT spot,https://api.bybit.com/v5/market/orderbook?category=spot&symbol=DASHUSDT&limit=200,2026-09-18T09:58:54.964385+00:00,book-BYBIT-DASH-USDT.json,,,,,,,,,,,,Unverified,Not supported symbols,
BYBIT,ETH,USDT,ETH/USDT spot,https://api.bybit.com/v5/market/orderbook?category=spot&symbol=ETHUSDT&limit=200,2026-09-18T09:58:32.094580+00:00,book-BYBIT-ETH-USDT.json,2508.145,0.039870103204632426,"[200, 200]",1871195.0175065442,2513399.938503825,1871195.0175065442,False,1871195.0175065442,2513399.938503825,1871195.0175065442,False,Deeper,,
BYBIT,EUR,USDT,EUR/USDT spot,https://api.bybit.com/v5/market/orderbook?category=spot&symbol=EURUSDT&limit=200,2026-09-18T10:07:05.874709+00:00,book-BYBIT-EUR-USDT.json,,,,,,,,,,,,Unverified,Not supported symbols,
BYBIT,LBTC,USDT,LBTC/USDT spot,https://api.bybit.com/v5/market/orderbook?category=spot&symbol=LBTCUSDT&limit=200,2026-09-18T09:58:33.762506+00:00,book-BYBIT-LBTC-USDT.json,,,,,,,,,,,,Unverified,Not supported symbols,
BYBIT,LINK,USDT,LINK/USDT spot,https://api.bybit.com/v5/market/orderbook?category=spot&symbol=LINKUSDT&limit=200,2026-09-18T09:58:57.380640+00:00,book-BYBIT-LINK-USDT.json,11.887,1.6825103053761823,"[200, 200]",448028.51977695274,685965.8774826317,448028.51977695274,True,460515.82903538266,700158.3063567723,460515.82903538266,False,Deeper,,
BYBIT,MORPHO,USDT,MORPHO/USDT spot,https://api.bybit.com/v5/market/orderbook?category=spot&symbol=MORPHOUSDT&limit=200,2026-09-18T09:58:59.527661+00:00,book-BYBIT-MORPHO-USDT.json,2.358,8.481764206954113,"[200, 200]",62582.57748795,49724.25357465001,49724.25357465001,True,63725.64932416251,50479.495159525,50479.495159525,True,Thin,,
BYBIT,PAXG,USDT,PAXG/USDT spot,https://api.bybit.com/v5/market/orderbook?category=spot&symbol=PAXGUSDT&limit=200,2026-09-18T09:58:56.754719+00:00,book-BYBIT-PAXG-USDT.json,,,,,,,,,,,,Unverified,Not supported symbols,
BYBIT,STRK,USDT,STRK/USDT spot,https://api.bybit.com/v5/market/orderbook?category=spot&symbol=STRKUSDT&limit=200,2026-09-18T09:58:35.195580+00:00,book-BYBIT-STRK-USDT.json,0.03421,11.692487576731475,"[200, 200]",36785.17041517585,33475.63712378631,33475.63712378631,True,45056.07619556006,42121.05241376468,42121.05241376468,True,Thin,,
BYBIT,UNI,USDT,UNI/USDT spot,https://api.bybit.com/v5/market/orderbook?category=spot&symbol=UNIUSDT&limit=200,2026-09-18T09:58:57.960340+00:00,book-BYBIT-UNI-USDT.json,9.0815,1.101139679569699,"[200, 200]",152324.78511722374,202668.655262565,152324.78511722374,True,178145.77090815123,243667.811423455,178145.77090815123,True,Deeper,,
BYBIT,USDC,USDT,USDC/USDT spot,https://api.bybit.com/v5/market/orderbook?category=spot&symbol=USDCUSDT&limit=200,2026-09-18T09:58:37.759123+00:00,book-BYBIT-USDC-USDT.json,1.00075,0.9992505620783311,"[188, 198]",30074677.34146305,12430749.531737195,12430749.531737195,True,30080897.7180399,12430902.964467982,12430902.964467982,True,Deeper,,
BYBIT,USDT,USD,USDT/USD spot,https://api.bybit.com/v5/market/orderbook?category=spot&symbol=USDTUSD&limit=200,2026-09-18T09:58:39.964384+00:00,book-BYBIT-USDT-USD.json,0.99915,1.0008507231145374,"[49, 49]",1508004.438671,10845402.730088,1508004.438671,True,1508337.5781420001,10845572.591182001,1508337.5781420001,True,Deeper,,
BYBIT,WBTC,BTC,WBTC/BTC spot,https://api.bybit.com/v5/market/orderbook?category=spot&symbol=WBTCBTC&limit=200,2026-09-18T10:07:06.588417+00:00,book-BYBIT-WBTC-BTC.json,0.99975,1.0002500625155186,"[165, 71]",1347117.636785044,1194109.539802193,1194109.539802193,True,1350408.0387491598,1220174.7031978746,1220174.7031978746,True,Deeper,,
BYBIT,WBTC,USDT,WBTC/USDT spot,https://api.bybit.com/v5/market/orderbook?category=spot&symbol=WBTCUSDT&limit=200,2026-09-18T09:58:40.363840+00:00,book-BYBIT-WBTC-USDT.json,78179.70000000001,7.060656410807035,"[134, 142]",79470.84499777536,21595.766696801278,21595.766696801278,True,103278.56538328883,59400.92927661766,59400.92927661766,True,Thin,,
BYBIT,XAUT,USDT,XAUT/USDT spot,https://api.bybit.com/v5/market/orderbook?category=spot&symbol=XAUTUSDT&limit=200,2026-09-18T09:58:55.612360+00:00,book-BYBIT-XAUT-USDT.json,4377.05,0.22846437669289543,"[200, 200]",972938.1520997767,829069.3957805377,829069.3957805377,False,972938.1520997767,829069.3957805377,829069.3957805377,False,Deeper,,
BYBIT,XMR,USDT,XMR/USDT spot,https://api.bybit.com/v5/market/orderbook?category=spot&symbol=XMRUSDT&limit=200,2026-09-18T09:58:54.178254+00:00,book-BYBIT-XMR-USDT.json,,,,,,,,,,,,Unverified,Not supported symbols,
BYBIT,ZEC,USDT,ZEC/USDT spot,https://api.bybit.com/v5/market/orderbook?category=spot&symbol=ZECUSDT&limit=200,2026-09-18T09:58:54.092862+00:00,book-BYBIT-ZEC-USDT.json,,,,,,,,,,,,Unverified,Not supported symbols,
COINBASE,AAVE,USD,AAVE/USD spot,https://api.exchange.coinbase.com/products/AAVE-USD/book?level=2,2026-09-18T09:58:53.640398+00:00,book-COINBASE-AAVE-USD.json,135.3,5.912786400592203,"[1354, 2727]",385711.25346,371649.26574,371649.26574,True,416954.3119,452739.20396,416954.3119,True,Deeper,,
COINBASE,BTC,USD,BTC/USD spot,https://api.exchange.coinbase.com/products/BTC-USD/book?level=2,2026-09-18T09:58:48.767445+00:00,book-COINBASE-BTC-USD.json,78142.275,0.00127971702830015,"[21470, 20988]",15255037.450317163,13459937.226462761,13459937.226462761,True,19567997.17735817,17489589.583998825,17489589.583998825,True,Deeper,,
COINBASE,DAI,USD,DAI/USD spot,https://api.exchange.coinbase.com/products/DAI-USD/book?level=2,2026-09-18T09:58:47.813403+00:00,book-COINBASE-DAI-USD.json,,,,,,,,,,,,Unverified,"HTTP 404 {""message"":""NotFound""}",
COINBASE,DASH,USD,DASH/USD spot,https://api.exchange.coinbase.com/products/DASH-USD/book?level=2,2026-09-18T09:58:52.311226+00:00,book-COINBASE-DASH-USD.json,59.5,10.08403361344576,"[782, 1321]",303046.36114425317,84097.2975076976,84097.2975076976,True,333787.0186094169,91764.113034404,91764.113034404,True,Thin,,
COINBASE,ETH,USD,ETH/USD spot,https://api.exchange.coinbase.com/products/ETH-USD/book?level=2,2026-09-18T09:58:46.937169+00:00,book-COINBASE-ETH-USD.json,2505.96,0.5586681351670714,"[8015, 11404]",6871919.549254494,3223366.2434046175,3223366.2434046175,True,9066743.47785635,4713569.139957502,4713569.139957502,True,Deeper,,
COINBASE,LINK,USD,LINK/USD spot,https://api.exchange.coinbase.com/products/LINK-USD/book?level=2,2026-09-18T09:58:52.034144+00:00,book-COINBASE-LINK-USD.json,11.870000000000001,3.36983993260283,"[2423, 5307]",867556.8830500001,622477.10601,622477.10601,True,875613.59389,939002.8411099999,875613.59389,True,Deeper,,
COINBASE,MORPHO,USD,MORPHO/USD spot,https://api.exchange.coinbase.com/products/MORPHO-USD/book?level=2,2026-09-18T09:58:53.716710+00:00,book-COINBASE-MORPHO-USD.json,2.35345,9.772886613269748,"[933, 500]",69623.812627,56893.640393,56893.640393,True,138307.68983400002,59584.284105,59584.284105,True,Thin,,
COINBASE,PAXG,USD,PAXG/USD spot,https://api.exchange.coinbase.com/products/PAXG-USD/book?level=2,2026-09-18T09:58:51.825065+00:00,book-COINBASE-PAXG-USD.json,4370.415,2.4940423277884265,"[811, 410]",1626944.6065421,412839.38386299997,412839.38386299997,True,1646673.1204214,424457.8746185,424457.8746185,True,Deeper,,
COINBASE,UNI,USD,UNI/USD spot,https://api.exchange.coinbase.com/products/UNI-USD/book?level=2,2026-09-18T09:58:53.662620+00:00,book-COINBASE-UNI-USD.json,9.073450000000001,6.282064705265527,"[2325, 2425]",807338.4699784868,261226.5482955106,261226.5482955106,True,1014384.1508306009,329493.2882035499,329493.2882035499,True,Deeper,,
COINBASE,USDC,USD,USDC/USD spot,https://api.exchange.coinbase.com/products/USDC-USD/book?level=2,2026-09-18T09:58:46.322280+00:00,book-COINBASE-USDC-USD.json,,,,,,,,,,,,Unverified,"HTTP 404 {""message"":""NotFound""}",
COINBASE,USDT,USD,USDT/USD spot,https://api.exchange.coinbase.com/products/USDT-USD/book?level=2,2026-09-18T09:58:43.738034+00:00,book-COINBASE-USDT-USD.json,0.999115,0.10008857839142131,"[262, 275]",2272996.4379932,3650095.8613394,2272996.4379932,True,2322317.4528452,3775311.8852109,2322317.4528452,True,Deeper,,
COINBASE,XAUT,USD,XAUT/USD spot,https://api.exchange.coinbase.com/products/XAUT-USD/book?level=2,2026-09-18T09:58:50.248832+00:00,book-COINBASE-XAUT-USD.json,,,,,,,,,,,,Unverified,"HTTP 404 {""message"":""NotFound""}",
COINBASE,XMR,USD,XMR/USD spot,https://api.exchange.coinbase.com/products/XMR-USD/book?level=2,2026-09-18T09:58:49.768533+00:00,book-COINBASE-XMR-USD.json,,,,,,,,,,,,Unverified,"HTTP 404 {""message"":""NotFound""}",
COINBASE,ZEC,USD,ZEC/USD spot,https://api.exchange.coinbase.com/products/ZEC-USD/book?level=2,2026-09-18T09:58:49.865775+00:00,book-COINBASE-ZEC-USD.json,1479.385,1.689891407578149,"[5086, 1314]",1946204.0423519698,1297238.6790163664,1297238.6790163664,True,2966561.1493400144,2552197.178228908,2552197.178228908,True,Deeper,,
GATEIO,BTC,USDT,BTC/USDT spot,https://api.gateio.ws/api/v4/spot/order_book?currency_pair=BTC_USDT&limit=1000,2026-09-18T09:58:18.571834+00:00,book-GATEIO-BTC-USDT.json,78191.65,0.012789089370958262,"[1000, 1000]",9665641.379781116,7026334.9068911895,7026334.9068911895,False,11375546.373434253,7026334.9068911895,7026334.9068911895,False,Deeper,,
GATEIO,DAI,USDT,DAI/USDT spot,https://api.gateio.ws/api/v4/spot/order_book?currency_pair=DAI_USDT&limit=1000,2026-09-18T09:58:28.679134+00:00,book-GATEIO-DAI-USDT.json,,,,,,,,,,,,Unverified,"HTTP 400 {""label"":""INVALID_CURRENCY"",""message"":""currency DAI is delisted""}",
GATEIO,DOG,USDT,DOG/USDT spot,https://api.gateio.ws/api/v4/spot/order_book?currency_pair=DOG_USDT&limit=1000,2026-09-18T09:58:39.461587+00:00,book-GATEIO-DOG-USDT.json,0.0010287500000000002,22.357229647630632,"[602, 1000]",8927.481182176864,1253.605688190425,1253.605688190425,True,10553.794958685476,3504.1204284333753,3504.1204284333753,True,Very thin,,
GATEIO,ETH,USDT,ETH/USDT spot,https://api.gateio.ws/api/v4/spot/order_book?currency_pair=ETH_USDT&limit=1000,2026-09-18T09:58:33.063646+00:00,book-GATEIO-ETH-USDT.json,2508.335,0.03986708314566546,"[1000, 1000]",2597454.0408249134,3829328.7023990154,2597454.0408249134,True,4998777.212824252,7941868.062438541,4998777.212824252,False,Deeper,,
GATEIO,STRK,USDT,STRK/USDT spot,https://api.gateio.ws/api/v4/spot/order_book?currency_pair=STRK_USDT&limit=1000,2026-09-18T09:58:37.072720+00:00,book-GATEIO-STRK-USDT.json,0.034205,14.617745943573892,"[187, 1000]",13187.256681268327,23013.613385559063,13187.256681268327,True,22123.70146622399,35823.52270013284,22123.70146622399,True,Thin,,
GATEIO,USDC,USDT,USDC/USDT spot,https://api.gateio.ws/api/v4/spot/order_book?currency_pair=USDC_USDT&limit=1000,2026-09-18T09:58:39.249561+00:00,book-GATEIO-USDC-USDT.json,1.00075,0.9992505620783311,"[192, 146]",35521630.78139915,28384626.554442026,28384626.554442026,True,35521899.589342214,28384757.275535896,28384757.275535896,True,Deeper,,
GATEIO,WBTC,BTC,WBTC/BTC spot,https://api.gateio.ws/api/v4/spot/order_book?currency_pair=WBTC_BTC&limit=1000,2026-09-18T10:07:07.866086+00:00,book-GATEIO-WBTC-BTC.json,,,,,,,,,,,,Unverified,"HTTP 400 {""label"":""INVALID_CURRENCY_PAIR"",""message"":""Invalid currency pair WBTC_BTC""}",
GATEIO,WBTC,USDT,WBTC/USDT spot,https://api.gateio.ws/api/v4/spot/order_book?currency_pair=WBTC_USDT&limit=1000,2026-09-18T09:58:41.428283+00:00,book-GATEIO-WBTC-USDT.json,78162.79999999999,23.694135829319972,"[189, 70]",56896.01236002625,43680.60568777125,43680.60568777125,True,77962.51729504,46105.68531477,46105.68531477,True,Thin,,
HUOBI,BTC,USDT,BTC/USDT spot,https://api.huobi.pro/market/depth?symbol=btcusdt&type=step0,2026-09-18T10:00:55.877234+00:00,book-HUOBI-BTC-USDT.json,78183.655,0.0012790397186359765,"[150, 150]",9479229.54093888,11196014.673719237,9479229.54093888,False,9479229.54093888,11196014.673719237,9479229.54093888,False,Deeper,,
HUOBI,DAI,USDT,DAI/USDT spot,https://api.huobi.pro/market/depth?symbol=daiusdt&type=step0&depth=150,2026-09-18T09:58:16.784821+00:00,book-HUOBI-DAI-USDT.json,,,,,,,,,,,,Unverified,invalid symbol,
HUOBI,ETH,USDT,ETH/USDT spot,https://api.huobi.pro/market/depth?symbol=ethusdt&type=step0,2026-09-18T10:00:56.339773+00:00,book-HUOBI-ETH-USDT.json,2509.165,0.03985389561953191,"[150, 150]",7103599.614964295,10311732.792034363,7103599.614964295,False,7103599.614964295,10311732.792034363,7103599.614964295,False,Deeper,,
HUOBI,STRK,USDT,STRK/USDT spot,https://api.huobi.pro/market/depth?symbol=strkusdt&type=step0,2026-09-18T10:00:55.036841+00:00,book-HUOBI-STRK-USDT.json,0.0337,178.04154302670722,"[52, 150]",22.7679287154125,177.577936228625,22.7679287154125,True,22.7679287154125,2015.82581121692,22.7679287154125,True,Very thin,,
HUOBI,USDC,USDT,USDC/USDT spot,https://api.huobi.pro/market/depth?symbol=usdcusdt&type=step0,2026-09-18T10:00:55.054442+00:00,book-HUOBI-USDC-USDT.json,1.0006499999999998,0.9993504222254435,"[150, 150]",952390.3511530926,1376945.13231984,952390.3511530926,True,953093.9945773375,1377826.9120938836,953093.9945773375,True,Deeper,,
KRAKEN,AAVE,USD,AAVE/USD spot,https://api.kraken.com/0/public/Depth?pair=AAVEUSD&count=500,2026-09-18T09:58:52.976280+00:00,book-KRAKEN-AAVE-USD.json,135.3,4.434589800443627,"[500, 500]",398575.0412,337145.57578,337145.57578,True,473019.94175,399584.65357,399584.65357,True,Deeper,,
KRAKEN,BTC,USD,BTC/USD spot,https://api.kraken.com/0/public/Depth?pair=XBTUSD&count=500,2026-09-18T09:58:40.857814+00:00,book-KRAKEN-BTC-USD.json,78142.65,0.012797108876045139,"[500, 500]",17629228.8589,20929591.1754,17629228.8589,True,18382288.0162,23453638.5709,18382288.0162,False,Deeper,,
KRAKEN,DAI,USD,DAI/USD spot,https://api.kraken.com/0/public/Depth?pair=DAIUSD&count=500,2026-09-18T09:58:47.130349+00:00,book-KRAKEN-DAI-USD.json,0.99985,2.0003000450065307,"[106, 92]",143101.75553228,30563.11918986,30563.11918986,True,171002.58013828,39568.2598694,39568.2598694,True,Thin,,
KRAKEN,DASH,USD,DASH/USD spot,https://api.kraken.com/0/public/Depth?pair=DASHUSD&count=500,2026-09-18T09:58:52.146015+00:00,book-KRAKEN-DASH-USD.json,59.504999999999995,10.083186286865839,"[477, 500]",169036.034746,72845.48792099999,72845.48792099999,True,179581.372342,80917.975704,80917.975704,True,Thin,,
KRAKEN,ETH,USD,ETH/USD spot,https://api.kraken.com/0/public/Depth?pair=ETHUSD&count=500,2026-09-18T09:58:41.195932+00:00,book-KRAKEN-ETH-USD.json,2506.045,0.03990351330569993,"[500, 500]",12441910.77312,11724216.10607,11724216.10607,True,13795436.226259999,13435303.40796,13435303.40796,True,Deeper,,
KRAKEN,EUR,USD,EUR/USD spot,https://api.kraken.com/0/public/Depth?pair=EURUSD&count=500,2026-09-18T10:07:06.765806+00:00,book-KRAKEN-EUR-USD.json,1.14824,0.17417961401718265,"[348, 325]",2794751.85437204,593673.62877588,593673.62877588,True,3527419.20707751,879009.80194866,879009.80194866,True,Deeper,,
KRAKEN,LINK,USD,LINK/USD spot,https://api.kraken.com/0/public/Depth?pair=LINKUSD&count=500,2026-09-18T09:58:51.180355+00:00,book-KRAKEN-LINK-USD.json,11.86847,3.016395542137674,"[500, 500]",932761.61535632,708163.33734093,708163.33734093,True,976888.2797043,878044.15247314,878044.15247314,True,Deeper,,
KRAKEN,MORPHO,USD,MORPHO/USD spot,https://api.kraken.com/0/public/Depth?pair=MORPHOUSD&count=500,2026-09-18T09:58:53.193527+00:00,book-KRAKEN-MORPHO-USD.json,2.349425,24.64432786745771,"[226, 251]",53360.25546295,41118.43668513,41118.43668513,True,71154.81841698001,64469.0420344,64469.0420344,True,Thin,,
KRAKEN,PAXG,USD,PAXG/USD spot,https://api.kraken.com/0/public/Depth?pair=PAXGUSD&count=500,2026-09-18T09:58:50.649416+00:00,book-KRAKEN-PAXG-USD.json,4370.0650000000005,0.022882954828609605,"[500, 500]",1153922.11945,1166713.73375,1153922.11945,True,1223008.0717,1341200.6316499999,1223008.0717,True,Deeper,,
KRAKEN,UNI,USD,UNI/USD spot,https://api.kraken.com/0/public/Depth?pair=UNIUSD&count=500,2026-09-18T09:58:52.441572+00:00,book-KRAKEN-UNI-USD.json,9.06455,7.832710945385529,"[500, 500]",1015047.2334033,477717.4346234,477717.4346234,True,1464234.5038276,1082548.7248919,1082548.7248919,True,Deeper,,
KRAKEN,USDC,USD,USDC/USD spot,https://api.kraken.com/0/public/Depth?pair=USDCUSD&count=500,2026-09-18T09:58:45.173587+00:00,book-KRAKEN-USDC-USD.json,0.99985,1.0001500225032653,"[160, 151]",11552299.4476345,10853327.9440592,10853327.9440592,True,11694152.9546377,11303533.8568874,11303533.8568874,True,Deeper,,
KRAKEN,USDT,USD,USDT/USD spot,https://api.kraken.com/0/public/Depth?pair=USDTUSD&count=500,2026-09-18T09:58:42.559984+00:00,book-KRAKEN-USDT-USD.json,0.999085,0.10009158379983198,"[249, 277]",6262598.92341657,13749772.918817349,6262598.92341657,True,6755454.80194501,15358299.35970329,6755454.80194501,True,Deeper,,
KRAKEN,XAUT,USD,XAUT/USD spot,https://api.kraken.com/0/public/Depth?pair=XAUTUSD&count=500,2026-09-18T09:58:51.389456+00:00,book-KRAKEN-XAUT-USD.json,4372.55,1.1434975014579594,"[184, 143]",422314.98990000004,404475.7145,404475.7145,True,429672.0648,448252.1357,429672.0648,True,Deeper,,
KRAKEN,XMR,USD,XMR/USD spot,https://api.kraken.com/0/public/Depth?pair=XMRUSD&count=500,2026-09-18T09:58:50.734744+00:00,book-KRAKEN-XMR-USD.json,540.685,16.830502048327,"[500, 500]",285139.04017,469169.28633,285139.04017,True,425395.58204,1148718.37573,425395.58204,True,Deeper,,
KRAKEN,ZEC,USD,ZEC/USD spot,https://api.kraken.com/0/public/Depth?pair=ZECUSD&count=500,2026-09-18T09:58:48.760623+00:00,book-KRAKEN-ZEC-USD.json,1479.645,4.1226104910308035,"[500, 500]",2368084.3646,1300186.26361,1300186.26361,True,4874991.73016,1637287.79993,1637287.79993,True,Deeper,,
KUCOIN,BTC,EUR,BTC/EUR spot,https://api.kucoin.com/api/v1/market/orderbook/level2_100?symbol=BTC-EUR,2026-09-18T10:07:03.410328+00:00,book-KUCOIN-BTC-EUR.json,68139.88,18.083389639077904,"[100, 100]",43450.75046853048,36589.64874042199,36589.64874042199,True,61085.609379418915,63871.3336296169,61085.609379418915,True,Thin,,
KUCOIN,BTC,USDT,BTC/USDT spot,https://api.kucoin.com/api/v1/market/orderbook/level2_100?symbol=BTC-USDT,2026-09-18T09:58:08.443412+00:00,book-KUCOIN-BTC-USDT.json,78193.25,0.01278882768088304,"[100, 100]",374996.4392414426,160871.85449768597,160871.85449768597,False,374996.4392414426,160871.85449768597,160871.85449768597,False,Deeper,,
KUCOIN,ETH,USDT,ETH/USDT spot,https://api.kucoin.com/api/v1/market/orderbook/level2_100?symbol=ETH-USDT,2026-09-18T09:58:33.254051+00:00,book-KUCOIN-ETH-USDT.json,2508.105,0.039870739064824946,"[100, 100]",475156.3364215227,965745.789542923,475156.3364215227,False,475156.3364215227,965745.789542923,475156.3364215227,False,Deeper,,
KUCOIN,EUR,USDT,EUR/USDT spot,https://api.kucoin.com/api/v1/market/orderbook/level2_100?symbol=EUR-USDT,2026-09-18T10:07:05.400622+00:00,book-KUCOIN-EUR-USDT.json,,,,,,,,,,,,Unverified,'NoneType' object is not subscriptable,
KUCOIN,STRK,USDT,STRK/USDT spot,https://api.kucoin.com/api/v1/market/orderbook/level2_100?symbol=STRK-USDT,2026-09-18T09:58:35.813358+00:00,book-KUCOIN-STRK-USDT.json,0.0342,11.69590643274806,"[100, 100]",20871.75340763743,19624.154787659125,19624.154787659125,True,31238.18131197399,30133.13194226685,30133.13194226685,True,Thin,,
KUCOIN,USDC,USDT,USDC/USDT spot,https://api.kucoin.com/api/v1/market/orderbook/level2_100?symbol=USDC-USDT,2026-09-18T09:58:38.845991+00:00,book-KUCOIN-USDC-USDT.json,1.0006499999999998,0.9993504222254435,"[100, 100]",4357887.503314978,5215271.613597888,4357887.503314978,True,4409855.400727976,5226126.107521955,4409855.400727976,True,Deeper,,
KUCOIN,WBTC,BTC,WBTC/BTC spot,https://api.kucoin.com/api/v1/market/orderbook/level2_100?symbol=WBTC-BTC,2026-09-18T10:07:06.664474+00:00,book-KUCOIN-WBTC-BTC.json,1.00061,12.19256253685251,"[94, 96]",181094.36988666072,64370.81768784657,64370.81768784657,True,232298.1873063967,102720.47184820495,102720.47184820495,True,Thin,,
KUCOIN,WBTC,USDT,WBTC/USDT spot,https://api.kucoin.com/api/v1/market/orderbook/level2_100?symbol=WBTC-USDT,2026-09-18T09:58:40.693014+00:00,book-KUCOIN-WBTC-USDT.json,78155.13500000001,22.297959052850977,"[100, 69]",27262.838849615626,52997.697341928375,27262.838849615626,True,41245.47691947175,65508.3379695315,41245.47691947175,True,Thin,,
LBANK,BTC,USDT,BTC/USDT spot,https://api.lbkex.com/v2/depth.do?symbol=btc_usdt&size=200,2026-09-18T10:00:57.653494+00:00,book-LBANK-BTC-USDT.json,78213.04999999999,0.002557118026221269,"[200, 200]",17392081.809509505,22973409.88428714,17392081.809509505,True,18575863.523997817,38503873.45809128,18575863.523997817,True,Deeper,,
LBANK,DAI,USDT,DAI/USDT spot,https://api.lbkex.com/v2/depth.do?symbol=dai_usdt&size=200,2026-09-18T09:58:18.019889+00:00,book-LBANK-DAI-USDT.json,,,,,,,,,,,,Unverified,'data',
LBANK,ETH,USDT,ETH/USDT spot,https://api.lbkex.com/v2/depth.do?symbol=eth_usdt&size=200,2026-09-18T09:58:34.084682+00:00,book-LBANK-ETH-USDT.json,2508.335,0.03986708314566546,"[200, 200]",8653225.263108127,9504176.986978255,8653225.263108127,True,10551116.868706416,14522312.545182088,10551116.868706416,True,Deeper,,
LBANK,STRK,USDT,STRK/USDT spot,https://api.lbkex.com/v2/depth.do?symbol=strk_usdt&size=200,2026-09-18T09:58:37.220099+00:00,book-LBANK-STRK-USDT.json,0.034185,8.775778850373628,"[86, 160]",39536.42071469303,41936.02534123855,39536.42071469303,True,74690.50250840854,54691.17315558851,54691.17315558851,True,Thin,,
LBANK,USDC,USDT,USDC/USDT spot,https://api.lbkex.com/v2/depth.do?symbol=usdc_usdt&size=200,2026-09-18T09:58:40.548815+00:00,book-LBANK-USDC-USDT.json,1.000725,0.09992755252285561,"[106, 101]",29552535.103726026,22179641.960318506,22179641.960318506,True,29644658.45576398,22197018.95691207,22197018.95691207,True,Deeper,,
LBANK,WBTC,USDT,WBTC/USDT spot,https://api.lbkex.com/v2/depth.do?symbol=wbtc_usdt&size=200,2026-09-18T09:58:41.965462+00:00,book-LBANK-WBTC-USDT.json,78171.94,30.0005347187244,"[88, 87]",224742.70895953194,153472.7883263061,153472.7883263061,True,283108.6094762524,156691.31037357575,156691.31037357575,False,Deeper,,
OKX,BTC,USDT,BTC/USDT perpetual,https://www.okx.com/api/v5/market/books?instId=BTC-USDT-SWAP&sz=400,2026-09-18T09:58:15.959612+00:00,book-OKX-BTC-USDT.json,78163.05,0.012793768923528542,"[400, 400]",15588201.712682445,11668146.661572745,11668146.661572745,False,15588201.712682445,11668146.661572745,11668146.661572745,False,Deeper,,0.01
OKX,ETH,USDT,ETH/USDT perpetual,https://www.okx.com/api/v5/market/books?instId=ETH-USDT-SWAP&sz=400,2026-09-18T09:58:33.681633+00:00,book-OKX-ETH-USDT.json,2507.175,0.03988552853216681,"[400, 400]",20302395.746437196,21914696.169258654,20302395.746437196,False,20302395.746437196,21914696.169258654,20302395.746437196,False,Deeper,,0.1
OKX,STRK,USDT,STRK/USDT perpetual,https://www.okx.com/api/v5/market/books?instId=STRK-USDT-SWAP&sz=400,2026-09-18T09:58:36.905782+00:00,book-OKX-STRK-USDT.json,0.034170000000000006,5.85308750365794,"[400, 400]",123838.460969795,100105.41060539376,100105.41060539376,True,214363.50694563,181855.33471719627,181855.33471719627,True,Deeper,,1.0
OKX,USDC,USDT,USDC/USDT perpetual,https://www.okx.com/api/v5/market/books?instId=USDC-USDT-SWAP&sz=400,2026-09-18T09:58:39.572520+00:00,book-OKX-USDC-USDT.json,1.0004925,0.14992616136429032,"[195, 118]",525936.073433295,495695.1934367425,495695.1934367425,True,546795.479868195,499768.1293367575,499768.1293367575,True,Deeper,,10.0
