pair,source,recent,last_reported,publishers,inventory_at,depth_usd,depth_complete,spread_bps,instrument,assessment,note,evidence_url
BROTHER/USDPLUS,DEFILLAMA,True,2026-09-18T09:36:59+00:00,"[""PRAGMA""]",2026-09-18T09:54:22.380765+00:00,,,,CoinGecko-keyed price via DeFiLlama,Unverified depth,"Aggregator price, not an executable venue. Underlying constituent weights and independent depth not exposed. Upstream observation was 70 minutes old when independently fetched at 09:59:44 UTC.",https://coins.llama.fi/prices/current/coingecko:starknet-brother
BROTHER/USDPLUS,EKUBO,False,2026-09-08T08:55:03+00:00,"[""PRAGMA""]",2026-09-18T09:54:22.380765+00:00,,,,"One-hour oracle-pool TWAP, routed through EKUBO",Unverified depth,"Base and quote oracle-pool legs share dependencies. The SDK guard is a reserve threshold, not a 1% executable-depth test. Routed AVNU liquidity is not necessarily this oracle pool.",https://github.com/astraly-labs/pragma-sdk/blob/1fe7bad29874cbe321f65b9b2e815f52333cd34c/pragma-sdk/pragma_sdk/common/fetchers/fetchers/ekubo.py
BROTHER/USDPLUS,GECKOTERMINAL,True,2026-09-18T09:36:59+00:00,"[""PRAGMA""]",2026-09-18T09:54:22.380765+00:00,,,,Top-ranked token pool price,Unverified depth,"Top-pool selection can change. The routed DEX quote below is market context, not a measurement of the exact pool selected by the publisher.",https://apiguide.geckoterminal.com/faq
BTC/EUR,BINANCE,True,2026-09-18T10:00:53+00:00,"[""PRAGMA""]",2026-09-18T10:05:27.439896+00:00,550663.3031328318,True,0.001469746480454879,BTC/EUR spot,Deeper,,https://api.binance.com/api/v3/depth?symbol=BTCEUR&limit=5000
BTC/EUR,BITGET,True,2026-09-18T10:00:32+00:00,"[""PRAGMA""]",2026-09-18T10:05:27.439896+00:00,1489686.8151885006,True,0.0014689133492805388,BTC/EUR spot,Deeper,,https://api.bitget.com/api/v2/spot/market/orderbook?symbol=BTCEUR&type=step0&limit=200
BTC/EUR,BITSTAMP,True,2026-09-18T10:00:51+00:00,"[""PRAGMA""]",2026-09-18T10:05:27.439896+00:00,1504755.026689997,True,0.0014695758501828008,BTC/EUR spot,Deeper,,https://www.bitstamp.net/api/v2/order_book/btceur/
BTC/EUR,BYBIT,True,2026-09-18T10:00:53+00:00,"[""PRAGMA""]",2026-09-18T10:05:27.439896+00:00,22553.13876889519,True,5.085288817948316,BTC/EUR spot,Thin,,https://api.bybit.com/v5/market/orderbook?category=spot&symbol=BTCEUR&limit=200
BTC/EUR,KUCOIN,True,2026-09-18T10:00:53+00:00,"[""PRAGMA""]",2026-09-18T10:05:27.439896+00:00,36589.64874042199,True,18.083389639077904,BTC/EUR spot,Thin,,https://api.kucoin.com/api/v1/market/orderbook/level2_100?symbol=BTC-EUR
BTC/USD,BINANCE,True,2026-09-18T09:53:44+00:00,"[""ARGENT"", ""PRAGMA"", ""STARKNET_FOUNDATION""]",2026-09-18T09:54:22.380765+00:00,18040617.456408415,False,0.0012787453167472256,BTC/USDT spot,Deeper,Returned book ends inside the 1% band; displayed depth is a lower bound.,https://api.binance.com/api/v3/depth?symbol=BTCUSDT&limit=5000
BTC/USD,BITGET,True,2026-09-18T09:53:44+00:00,"[""ARGENT"", ""PRAGMA"", ""STARKNET_FOUNDATION"", ""STARKWARE""]",2026-09-18T09:54:22.380765+00:00,8599498.321629645,False,0.00127878538014718,BTC/USDT spot,Deeper,Returned book ends inside the 1% band; displayed depth is a lower bound.,https://api.bitget.com/api/v2/spot/market/orderbook?symbol=BTCUSDT&type=step0&limit=200
BTC/USD,BITSTAMP,True,2026-09-18T09:53:42+00:00,"[""ARGENT"", ""PRAGMA"", ""STARKNET_FOUNDATION"", ""STARKWARE""]",2026-09-18T09:54:22.380765+00:00,4339410.69672405,True,0.001280084628284393,BTC/USD spot,Deeper,,https://www.bitstamp.net/api/v2/order_book/btcusd/
BTC/USD,BYBIT,True,2026-09-18T09:53:44+00:00,"[""ARGENT"", ""PRAGMA"", ""STARKNET_FOUNDATION""]",2026-09-18T09:54:22.380765+00:00,3195015.4028038937,False,0.012788565997795103,BTC/USDT spot,Deeper,Returned book ends inside the 1% band; displayed depth is a lower bound.,https://api.bybit.com/v5/market/orderbook?category=spot&symbol=BTCUSDT&limit=200
BTC/USD,DEFILLAMA,True,2026-09-18T09:53:43+00:00,"[""ARGENT"", ""PRAGMA"", ""STARKNET_FOUNDATION"", ""STARKWARE""]",2026-09-18T09:54:22.380765+00:00,,,,CoinGecko-keyed price via DeFiLlama,Unverified depth,"Aggregator price, not an executable venue. Underlying constituent weights and independent depth not exposed. Upstream observation was 2 minutes old when independently fetched at 09:59:44 UTC.",https://coins.llama.fi/prices/current/coingecko:bitcoin
BTC/USD,GATEIO,True,2026-09-18T09:53:45+00:00,"[""ARGENT"", ""PRAGMA"", ""STARKNET_FOUNDATION"", ""STARKWARE""]",2026-09-18T09:54:22.380765+00:00,7026334.9068911895,False,0.012789089370958262,BTC/USDT spot,Deeper,Returned book ends inside the 1% band; displayed depth is a lower bound.,https://api.gateio.ws/api/v4/spot/order_book?currency_pair=BTC_USDT&limit=1000
BTC/USD,HUOBI,True,2026-09-18T09:53:44+00:00,"[""ARGENT"", ""PRAGMA"", ""STARKNET_FOUNDATION"", ""STARKWARE""]",2026-09-18T09:54:22.380765+00:00,9479229.54093888,False,0.0012790397186359765,BTC/USDT spot,Deeper,Returned book ends inside the 1% band; displayed depth is a lower bound.,https://api.huobi.pro/market/depth?symbol=btcusdt&type=step0
BTC/USD,KUCOIN,True,2026-09-18T09:53:44+00:00,"[""ARGENT"", ""PRAGMA"", ""STARKNET_FOUNDATION"", ""STARKWARE""]",2026-09-18T09:54:22.380765+00:00,160871.85449768597,False,0.01278882768088304,BTC/USDT spot,Deeper,Returned book ends inside the 1% band; displayed depth is a lower bound.,https://api.kucoin.com/api/v1/market/orderbook/level2_100?symbol=BTC-USDT
BTC/USD,LBANK,True,2026-09-18T09:53:45+00:00,"[""ARGENT"", ""PRAGMA"", ""STARKNET_FOUNDATION"", ""STARKWARE""]",2026-09-18T09:54:22.380765+00:00,17392081.809509505,True,0.002557118026221269,BTC/USDT spot,Deeper,,https://api.lbkex.com/v2/depth.do?symbol=btc_usdt&size=200
BTC/USD,OKX,True,2026-09-18T09:53:46+00:00,"[""ARGENT"", ""PRAGMA"", ""STARKNET_FOUNDATION"", ""STARKWARE""]",2026-09-18T09:54:22.380765+00:00,11668146.661572745,False,0.012793768923528542,BTC/USDT perpetual,Deeper,Perpetual contracts; excluded from spot liquidity totals. Returned book ends inside the 1% band; displayed depth is a lower bound.,https://www.okx.com/api/v5/market/books?instId=BTC-USDT-SWAP&sz=400
BTC/USD,PYTH,False,2026-08-26T16:10:16+00:00,"[""ARGENT"", ""PRAGMA"", ""STARKWARE""]",2026-09-18T09:54:22.380765+00:00,,,,Historical oracle input,Derived / no book,No recently reported observation; excluded from current coverage. No current executable depth is inferred.,https://github.com/astraly-labs/pragma-sdk/blob/1fe7bad29874cbe321f65b9b2e815f52333cd34c/pragma-sdk/pragma_sdk/common/fetchers/fetchers/pyth.py
DAI/USD,BITGET,False,2026-04-07T02:59:56+00:00,"[""PRAGMA""]",2026-09-18T09:54:22.380765+00:00,,,,DAI/USDT spot,Unverified,No usable direct book returned. See the saved response; this is not evidence of zero market-wide liquidity.,https://api.bitget.com/api/v2/spot/market/orderbook?symbol=DAIUSDT&type=step0&limit=200
DAI/USD,BITSTAMP,False,2026-08-10T15:12:32+00:00,"[""PRAGMA""]",2026-09-18T09:54:22.380765+00:00,,,,DAI/USD spot,Unverified,No usable direct book returned. See the saved response; this is not evidence of zero market-wide liquidity.,https://www.bitstamp.net/api/v2/order_book/daiusd/
DAI/USD,BYBIT,False,2026-04-21T09:37:32+00:00,"[""PRAGMA""]",2026-09-18T09:54:22.380765+00:00,,,,DAI/USDT spot,Unverified,No usable direct book returned. See the saved response; this is not evidence of zero market-wide liquidity.,https://api.bybit.com/v5/market/orderbook?category=spot&symbol=DAIUSDT&limit=200
DAI/USD,DEFILLAMA,True,2026-09-18T09:53:43+00:00,"[""PRAGMA""]",2026-09-18T09:54:22.380765+00:00,,,,CoinGecko-keyed price via DeFiLlama,Unverified depth,"Aggregator price, not an executable venue. Underlying constituent weights and independent depth not exposed. Upstream observation was 2 minutes old when independently fetched at 09:59:44 UTC.",https://coins.llama.fi/prices/current/coingecko:dai
DAI/USD,GATEIO,False,2026-04-15T07:35:11+00:00,"[""PRAGMA""]",2026-09-18T09:54:22.380765+00:00,,,,DAI/USDT spot,Unverified,No usable direct book returned. See the saved response; this is not evidence of zero market-wide liquidity.,https://api.gateio.ws/api/v4/spot/order_book?currency_pair=DAI_USDT&limit=1000
DAI/USD,HUOBI,False,2026-04-07T05:59:56+00:00,"[""PRAGMA""]",2026-09-18T09:54:22.380765+00:00,,,,DAI/USDT spot,Unverified,No usable direct book returned. See the saved response; this is not evidence of zero market-wide liquidity.,https://api.huobi.pro/market/depth?symbol=daiusdt&type=step0&depth=150
DAI/USD,LBANK,False,2026-04-01T00:32:27+00:00,"[""PRAGMA""]",2026-09-18T09:54:22.380765+00:00,,,,DAI/USDT spot,Unverified,No usable direct book returned. See the saved response; this is not evidence of zero market-wide liquidity.,https://api.lbkex.com/v2/depth.do?symbol=dai_usdt&size=200
DOG/USD,BITGET,True,2026-09-18T09:53:24+00:00,"[""PRAGMA""]",2026-09-18T09:54:22.380765+00:00,463.2512413864412,True,92.73570324574978,DOG/USDT spot,Very thin,,https://api.bitget.com/api/v2/spot/market/orderbook?symbol=DOGUSDT&type=step0&limit=200
DOG/USD,DEFILLAMA,True,2026-09-18T09:53:43+00:00,"[""PRAGMA""]",2026-09-18T09:54:22.380765+00:00,,,,CoinGecko-keyed price via DeFiLlama,Unverified depth,"Aggregator price, not an executable venue. Underlying constituent weights and independent depth not exposed. Upstream observation was 8 minutes old when independently fetched at 09:59:44 UTC.",https://coins.llama.fi/prices/current/coingecko:dog-go-to-the-moon-rune
DOG/USD,GATEIO,True,2026-09-18T09:53:45+00:00,"[""PRAGMA""]",2026-09-18T09:54:22.380765+00:00,1253.605688190425,True,22.357229647630632,DOG/USDT spot,Very thin,,https://api.gateio.ws/api/v4/spot/order_book?currency_pair=DOG_USDT&limit=1000
EKUBO/USD,AVNU,True,2026-09-18T09:44:31+00:00,"[""AVNU""]",2026-09-18T09:54:22.380765+00:00,,,,Starknet aggregated market price,Unverified depth,Routed execution quotes are shown separately. They do not reveal the publisher price methodology or establish independence from other DEX aggregators.,https://docs.avnu.fi/api/swap/get-quotes
EKUBO/USD,DEFILLAMA,True,2026-09-18T09:51:03+00:00,"[""ARGENT"", ""PRAGMA"", ""STARKNET_FOUNDATION"", ""STARKWARE""]",2026-09-18T09:54:22.380765+00:00,,,,CoinGecko-keyed price via DeFiLlama,Unverified depth,"Aggregator price, not an executable venue. Underlying constituent weights and independent depth not exposed. Upstream observation was 8 minutes old when independently fetched at 09:59:44 UTC.",https://coins.llama.fi/prices/current/coingecko:ekubo-protocol
EKUBO/USD,EKUBO,True,2026-09-18T09:51:03+00:00,"[""ARGENT"", ""PRAGMA"", ""STARKNET_FOUNDATION"", ""STARKWARE""]",2026-09-18T09:54:22.380765+00:00,,,,"One-hour oracle-pool TWAP, routed through EKUBO",Unverified depth,"Base and quote oracle-pool legs share dependencies. The SDK guard is a reserve threshold, not a 1% executable-depth test. Routed AVNU liquidity is not necessarily this oracle pool.",https://github.com/astraly-labs/pragma-sdk/blob/1fe7bad29874cbe321f65b9b2e815f52333cd34c/pragma-sdk/pragma_sdk/common/fetchers/fetchers/ekubo.py
ETH/USD,BINANCE,True,2026-09-18T09:53:44+00:00,"[""ARGENT"", ""PRAGMA"", ""STARKNET_FOUNDATION""]",2026-09-18T09:54:22.380765+00:00,8416580.082363417,True,0.03986628846753401,ETH/USDT spot,Deeper,,https://api.binance.com/api/v3/depth?symbol=ETHUSDT&limit=5000
ETH/USD,BITGET,True,2026-09-18T09:53:44+00:00,"[""ARGENT"", ""PRAGMA"", ""STARKNET_FOUNDATION"", ""STARKWARE""]",2026-09-18T09:54:22.380765+00:00,4844785.461733644,False,0.039870898031229,ETH/USDT spot,Deeper,Returned book ends inside the 1% band; displayed depth is a lower bound.,https://api.bitget.com/api/v2/spot/market/orderbook?symbol=ETHUSDT&type=step0&limit=200
ETH/USD,BITSTAMP,True,2026-09-18T09:53:43+00:00,"[""ARGENT"", ""PRAGMA"", ""STARKNET_FOUNDATION"", ""STARKWARE""]",2026-09-18T09:54:22.380765+00:00,1857431.96233895,True,0.03990287639971621,ETH/USD spot,Deeper,,https://www.bitstamp.net/api/v2/order_book/ethusd/
ETH/USD,BYBIT,True,2026-09-18T09:53:44+00:00,"[""ARGENT"", ""PRAGMA"", ""STARKNET_FOUNDATION""]",2026-09-18T09:54:22.380765+00:00,1871195.0175065442,False,0.039870103204632426,ETH/USDT spot,Deeper,Returned book ends inside the 1% band; displayed depth is a lower bound.,https://api.bybit.com/v5/market/orderbook?category=spot&symbol=ETHUSDT&limit=200
ETH/USD,DEFILLAMA,True,2026-09-18T09:53:43+00:00,"[""ARGENT"", ""PRAGMA"", ""STARKNET_FOUNDATION"", ""STARKWARE""]",2026-09-18T09:54:22.380765+00:00,,,,CoinGecko-keyed price via DeFiLlama,Unverified depth,"Aggregator price, not an executable venue. Underlying constituent weights and independent depth not exposed. Upstream observation was 2 minutes old when independently fetched at 09:59:44 UTC.",https://coins.llama.fi/prices/current/coingecko:ethereum
ETH/USD,EKUBO,True,2026-09-18T09:53:45+00:00,"[""ARGENT"", ""PRAGMA"", ""STARKNET_FOUNDATION"", ""STARKWARE""]",2026-09-18T09:54:22.380765+00:00,,,,"One-hour oracle-pool TWAP, routed through EKUBO",Unverified depth,"Base and quote oracle-pool legs share dependencies. The SDK guard is a reserve threshold, not a 1% executable-depth test. Routed AVNU liquidity is not necessarily this oracle pool.",https://github.com/astraly-labs/pragma-sdk/blob/1fe7bad29874cbe321f65b9b2e815f52333cd34c/pragma-sdk/pragma_sdk/common/fetchers/fetchers/ekubo.py
ETH/USD,GATEIO,True,2026-09-18T09:53:45+00:00,"[""ARGENT"", ""PRAGMA"", ""STARKNET_FOUNDATION"", ""STARKWARE""]",2026-09-18T09:54:22.380765+00:00,2597454.0408249134,True,0.03986708314566546,ETH/USDT spot,Deeper,,https://api.gateio.ws/api/v4/spot/order_book?currency_pair=ETH_USDT&limit=1000
ETH/USD,HUOBI,True,2026-09-18T09:53:44+00:00,"[""ARGENT"", ""PRAGMA"", ""STARKNET_FOUNDATION"", ""STARKWARE""]",2026-09-18T09:54:22.380765+00:00,7103599.614964295,False,0.03985389561953191,ETH/USDT spot,Deeper,Returned book ends inside the 1% band; displayed depth is a lower bound.,https://api.huobi.pro/market/depth?symbol=ethusdt&type=step0
ETH/USD,KUCOIN,True,2026-09-18T09:53:44+00:00,"[""ARGENT"", ""PRAGMA"", ""STARKNET_FOUNDATION"", ""STARKWARE""]",2026-09-18T09:54:22.380765+00:00,475156.3364215227,False,0.039870739064824946,ETH/USDT spot,Deeper,Returned book ends inside the 1% band; displayed depth is a lower bound.,https://api.kucoin.com/api/v1/market/orderbook/level2_100?symbol=ETH-USDT
ETH/USD,LBANK,True,2026-09-18T09:53:45+00:00,"[""ARGENT"", ""PRAGMA"", ""STARKNET_FOUNDATION"", ""STARKWARE""]",2026-09-18T09:54:22.380765+00:00,8653225.263108127,True,0.03986708314566546,ETH/USDT spot,Deeper,,https://api.lbkex.com/v2/depth.do?symbol=eth_usdt&size=200
ETH/USD,OKX,True,2026-09-18T09:53:46+00:00,"[""ARGENT"", ""PRAGMA"", ""STARKNET_FOUNDATION"", ""STARKWARE""]",2026-09-18T09:54:22.380765+00:00,20302395.746437196,False,0.03988552853216681,ETH/USDT perpetual,Deeper,Perpetual contracts; excluded from spot liquidity totals. Returned book ends inside the 1% band; displayed depth is a lower bound.,https://www.okx.com/api/v5/market/books?instId=ETH-USDT-SWAP&sz=400
ETH/USD,PYTH,False,2026-08-26T16:10:16+00:00,"[""ARGENT"", ""PRAGMA"", ""STARKWARE""]",2026-09-18T09:54:22.380765+00:00,,,,Historical oracle input,Derived / no book,No recently reported observation; excluded from current coverage. No current executable depth is inferred.,https://github.com/astraly-labs/pragma-sdk/blob/1fe7bad29874cbe321f65b9b2e815f52333cd34c/pragma-sdk/pragma_sdk/common/fetchers/fetchers/pyth.py
LBTC/USD,BYBIT,False,2026-07-16T07:58:27+00:00,"[""ARGENT"", ""PRAGMA""]",2026-09-18T09:54:22.380765+00:00,,,,LBTC/USDT spot,Unverified,No usable direct book returned. See the saved response; this is not evidence of zero market-wide liquidity.,https://api.bybit.com/v5/market/orderbook?category=spot&symbol=LBTCUSDT&limit=200
LBTC/USD,CHAINLINK,False,2026-07-12T11:31:05+00:00,"[""ARGENT"", ""PRAGMA"", ""STARKWARE""]",2026-09-18T09:54:22.380765+00:00,,,,Historical oracle input,Derived / no book,No recently reported observation; excluded from current coverage. No current executable depth is inferred.,https://github.com/astraly-labs/pragma-sdk/blob/1fe7bad29874cbe321f65b9b2e815f52333cd34c/pragma-sdk/pragma_sdk/common/fetchers/fetchers/chainlink.py
LBTC/USD,CUSTOM,True,2026-09-18T09:53:44+00:00,"[""ARGENT"", ""PRAGMA"", ""STARKNET_FOUNDATION"", ""STARKWARE""]",2026-09-18T09:54:22.380765+00:00,,,,Chainlink conversion feed × underlying USD price,Derived / no book,"Ratio/rate input, not executable depth or assured redemption capacity.",https://github.com/astraly-labs/pragma-sdk/blob/1fe7bad29874cbe321f65b9b2e815f52333cd34c/pragma-sdk/pragma_sdk/common/fetchers/fetchers/chainlink.py
LBTC/USD,PYTH,False,2026-08-26T16:10:16+00:00,"[""ARGENT"", ""PRAGMA"", ""STARKWARE""]",2026-09-18T09:54:22.380765+00:00,,,,Historical oracle input,Derived / no book,No recently reported observation; excluded from current coverage. No current executable depth is inferred.,https://github.com/astraly-labs/pragma-sdk/blob/1fe7bad29874cbe321f65b9b2e815f52333cd34c/pragma-sdk/pragma_sdk/common/fetchers/fetchers/pyth.py
LBTC/USD,REDSTONE,True,2026-09-18T09:53:46+00:00,"[""ARGENT"", ""PRAGMA"", ""STARKNET_FOUNDATION"", ""STARKWARE""]",2026-09-18T09:54:22.380765+00:00,,,,RedStone conversion feed × underlying USD price,Derived / no book,Ratio input; independent liquidation depth and redemption capacity not established.,https://github.com/astraly-labs/pragma-sdk/blob/1fe7bad29874cbe321f65b9b2e815f52333cd34c/pragma-sdk/pragma_sdk/common/fetchers/fetchers/redstone.py
LORDS/USD,AVNU,True,2026-09-18T09:44:31+00:00,"[""AVNU""]",2026-09-18T09:54:22.380765+00:00,,,,Starknet aggregated market price,Unverified depth,Routed execution quotes are shown separately. They do not reveal the publisher price methodology or establish independence from other DEX aggregators.,https://docs.avnu.fi/api/swap/get-quotes
LORDS/USD,DEFILLAMA,True,2026-09-18T09:36:59+00:00,"[""PRAGMA""]",2026-09-18T09:54:22.380765+00:00,,,,CoinGecko-keyed price via DeFiLlama,Unverified depth,"Aggregator price, not an executable venue. Underlying constituent weights and independent depth not exposed. Upstream observation was 70 minutes old when independently fetched at 09:59:44 UTC.",https://coins.llama.fi/prices/current/coingecko:lords
LORDS/USD,EKUBO,False,2026-09-08T08:55:02+00:00,"[""PRAGMA""]",2026-09-18T09:54:22.380765+00:00,,,,"One-hour oracle-pool TWAP, routed through EKUBO",Unverified depth,"Base and quote oracle-pool legs share dependencies. The SDK guard is a reserve threshold, not a 1% executable-depth test. Routed AVNU liquidity is not necessarily this oracle pool.",https://github.com/astraly-labs/pragma-sdk/blob/1fe7bad29874cbe321f65b9b2e815f52333cd34c/pragma-sdk/pragma_sdk/common/fetchers/fetchers/ekubo.py
LORDS/USD,GECKOTERMINAL,True,2026-09-18T09:36:59+00:00,"[""PRAGMA""]",2026-09-18T09:54:22.380765+00:00,,,,Top-ranked token pool price,Unverified depth,"Top-pool selection can change. The routed DEX quote below is market context, not a measurement of the exact pool selected by the publisher.",https://apiguide.geckoterminal.com/faq
MRE7BTC/USD,RE7_ONCHAIN,True,2026-09-18T09:51:03+00:00,"[""ARGENT"", ""PRAGMA"", ""STARKNET_FOUNDATION"", ""STARKWARE""]",2026-09-18T09:54:22.380765+00:00,,,,Midas/Re7 lastAnswer valuation,Derived / no book,"NAV/rate input; no order book. Instant redemption buffer, eligibility and settlement time were not verified.",https://github.com/astraly-labs/pragma-sdk/blob/1fe7bad29874cbe321f65b9b2e815f52333cd34c/pragma-sdk/pragma_sdk/common/fetchers/fetchers/re7onchain.py
MRE7YIELD/USD,DEFILLAMA,True,2026-09-18T09:51:03+00:00,"[""ARGENT"", ""PRAGMA"", ""STARKNET_FOUNDATION"", ""STARKWARE""]",2026-09-18T09:54:22.380765+00:00,,,,CoinGecko-keyed price via DeFiLlama,Unverified depth,"Aggregator price, not an executable venue. Underlying constituent weights and independent depth not exposed. Upstream observation was 8 minutes old when independently fetched at 09:59:44 UTC.",https://coins.llama.fi/prices/current/coingecko:midas-mre7yield
MRE7YIELD/USD,RE7_ONCHAIN,True,2026-09-18T09:51:04+00:00,"[""ARGENT"", ""PRAGMA"", ""STARKNET_FOUNDATION"", ""STARKWARE""]",2026-09-18T09:54:22.380765+00:00,,,,Midas/Re7 lastAnswer valuation,Derived / no book,"NAV/rate input; no order book. Instant redemption buffer, eligibility and settlement time were not verified.",https://github.com/astraly-labs/pragma-sdk/blob/1fe7bad29874cbe321f65b9b2e815f52333cd34c/pragma-sdk/pragma_sdk/common/fetchers/fetchers/re7onchain.py
NSTR/USD,AVNU,True,2026-09-18T09:44:31+00:00,"[""AVNU""]",2026-09-18T09:54:22.380765+00:00,,,,Starknet aggregated market price,Unverified depth,Routed execution quotes are shown separately. They do not reveal the publisher price methodology or establish independence from other DEX aggregators.,https://docs.avnu.fi/api/swap/get-quotes
NSTR/USD,DEFILLAMA,True,2026-09-18T09:36:59+00:00,"[""PRAGMA""]",2026-09-18T09:54:22.380765+00:00,,,,CoinGecko-keyed price via DeFiLlama,Unverified depth,"Aggregator price, not an executable venue. Underlying constituent weights and independent depth not exposed. Upstream observation was 255 minutes old when independently fetched at 09:59:44 UTC.",https://coins.llama.fi/prices/current/coingecko:nostra
NSTR/USD,GECKOTERMINAL,True,2026-09-18T09:36:59+00:00,"[""PRAGMA""]",2026-09-18T09:54:22.380765+00:00,,,,Top-ranked token pool price,Unverified depth,"Top-pool selection can change. The routed DEX quote below is market context, not a measurement of the exact pool selected by the publisher.",https://apiguide.geckoterminal.com/faq
STRK/USD,AVNU,True,2026-09-18T09:44:31+00:00,"[""AVNU""]",2026-09-18T09:54:22.380765+00:00,,,,Starknet aggregated market price,Unverified depth,Routed execution quotes are shown separately. They do not reveal the publisher price methodology or establish independence from other DEX aggregators.,https://docs.avnu.fi/api/swap/get-quotes
STRK/USD,BINANCE,True,2026-09-18T09:53:44+00:00,"[""ARGENT"", ""PRAGMA"", ""STARKNET_FOUNDATION"", ""STARKWARE""]",2026-09-18T09:54:22.380765+00:00,33650.22888460672,True,5.847953216374032,STRK/USDT spot,Thin,,https://api.binance.com/api/v3/depth?symbol=STRKUSDT&limit=5000
STRK/USD,BITGET,True,2026-09-18T09:53:44+00:00,"[""ARGENT"", ""PRAGMA"", ""STARKNET_FOUNDATION"", ""STARKWARE""]",2026-09-18T09:54:22.380765+00:00,10330.922469999263,True,11.692487576731475,STRK/USDT spot,Thin,,https://api.bitget.com/api/v2/spot/market/orderbook?symbol=STRKUSDT&type=step0&limit=200
STRK/USD,BITSTAMP,False,2026-09-08T02:39:32+00:00,"[""ARGENT"", ""PRAGMA"", ""STARKWARE""]",2026-09-18T09:54:22.380765+00:00,,,,STRK/USD spot,Unverified,No usable direct book returned. See the saved response; this is not evidence of zero market-wide liquidity.,https://www.bitstamp.net/api/v2/order_book/strkusd/
STRK/USD,BYBIT,True,2026-09-18T09:53:44+00:00,"[""ARGENT"", ""PRAGMA"", ""STARKNET_FOUNDATION""]",2026-09-18T09:54:22.380765+00:00,33475.63712378631,True,11.692487576731475,STRK/USDT spot,Thin,,https://api.bybit.com/v5/market/orderbook?category=spot&symbol=STRKUSDT&limit=200
STRK/USD,DEFILLAMA,True,2026-09-18T09:53:43+00:00,"[""ARGENT"", ""PRAGMA"", ""STARKNET_FOUNDATION"", ""STARKWARE""]",2026-09-18T09:54:22.380765+00:00,,,,CoinGecko-keyed price via DeFiLlama,Unverified depth,"Aggregator price, not an executable venue. Underlying constituent weights and independent depth not exposed. Upstream observation was 13 minutes old when independently fetched at 09:59:44 UTC.",https://coins.llama.fi/prices/current/coingecko:starknet
STRK/USD,EKUBO,True,2026-09-18T09:53:45+00:00,"[""ARGENT"", ""PRAGMA"", ""STARKNET_FOUNDATION"", ""STARKWARE""]",2026-09-18T09:54:22.380765+00:00,,,,"One-hour oracle-pool TWAP, routed through EKUBO",Unverified depth,"Base and quote oracle-pool legs share dependencies. The SDK guard is a reserve threshold, not a 1% executable-depth test. Routed AVNU liquidity is not necessarily this oracle pool.",https://github.com/astraly-labs/pragma-sdk/blob/1fe7bad29874cbe321f65b9b2e815f52333cd34c/pragma-sdk/pragma_sdk/common/fetchers/fetchers/ekubo.py
STRK/USD,GATEIO,True,2026-09-18T09:53:45+00:00,"[""ARGENT"", ""PRAGMA"", ""STARKNET_FOUNDATION"", ""STARKWARE""]",2026-09-18T09:54:22.380765+00:00,13187.256681268327,True,14.617745943573892,STRK/USDT spot,Thin,,https://api.gateio.ws/api/v4/spot/order_book?currency_pair=STRK_USDT&limit=1000
STRK/USD,HUOBI,True,2026-09-18T09:53:44+00:00,"[""ARGENT"", ""PRAGMA"", ""STARKNET_FOUNDATION"", ""STARKWARE""]",2026-09-18T09:54:22.380765+00:00,22.7679287154125,True,178.04154302670722,STRK/USDT spot,Very thin,,https://api.huobi.pro/market/depth?symbol=strkusdt&type=step0
STRK/USD,KUCOIN,True,2026-09-18T09:53:44+00:00,"[""ARGENT"", ""PRAGMA"", ""STARKNET_FOUNDATION"", ""STARKWARE""]",2026-09-18T09:54:22.380765+00:00,19624.154787659125,True,11.69590643274806,STRK/USDT spot,Thin,,https://api.kucoin.com/api/v1/market/orderbook/level2_100?symbol=STRK-USDT
STRK/USD,LBANK,True,2026-09-18T09:53:45+00:00,"[""ARGENT"", ""PRAGMA"", ""STARKNET_FOUNDATION"", ""STARKWARE""]",2026-09-18T09:54:22.380765+00:00,39536.42071469303,True,8.775778850373628,STRK/USDT spot,Thin,,https://api.lbkex.com/v2/depth.do?symbol=strk_usdt&size=200
STRK/USD,OKX,True,2026-09-18T09:53:46+00:00,"[""ARGENT"", ""PRAGMA"", ""STARKNET_FOUNDATION"", ""STARKWARE""]",2026-09-18T09:54:22.380765+00:00,100105.41060539376,True,5.85308750365794,STRK/USDT perpetual,Deeper,Perpetual contracts; excluded from spot liquidity totals. ,https://www.okx.com/api/v5/market/books?instId=STRK-USDT-SWAP&sz=400
STRK/USD,PYTH,False,2026-08-26T16:10:16+00:00,"[""ARGENT"", ""PRAGMA"", ""STARKWARE""]",2026-09-18T09:54:22.380765+00:00,,,,Historical oracle input,Derived / no book,No recently reported observation; excluded from current coverage. No current executable depth is inferred.,https://github.com/astraly-labs/pragma-sdk/blob/1fe7bad29874cbe321f65b9b2e815f52333cd34c/pragma-sdk/pragma_sdk/common/fetchers/fetchers/pyth.py
SUSN/USD,SUSN_VAULT,True,2026-09-18T09:51:04+00:00,"[""ARGENT"", ""PRAGMA"", ""STARKNET_FOUNDATION"", ""STARKWARE""]",2026-09-18T09:54:22.380765+00:00,,,,sUSN vault rate × USN fixed rate,Derived / no book,Shares USN valuation and exit dependencies.,https://github.com/astraly-labs/pragma-sdk/blob/1fe7bad29874cbe321f65b9b2e815f52333cd34c/pragma-sdk/pragma_sdk/common/fetchers/fetchers/susn.py
UNIBTC/USD,CHAINLINK,False,2026-07-12T11:31:06+00:00,"[""ARGENT"", ""PRAGMA"", ""STARKWARE""]",2026-09-18T09:54:22.380765+00:00,,,,Historical oracle input,Derived / no book,No recently reported observation; excluded from current coverage. No current executable depth is inferred.,https://github.com/astraly-labs/pragma-sdk/blob/1fe7bad29874cbe321f65b9b2e815f52333cd34c/pragma-sdk/pragma_sdk/common/fetchers/fetchers/chainlink.py
UNIBTC/USD,CUSTOM,True,2026-09-18T09:51:03+00:00,"[""ARGENT"", ""PRAGMA"", ""STARKNET_FOUNDATION"", ""STARKWARE""]",2026-09-18T09:54:22.380765+00:00,,,,Chainlink conversion feed × underlying USD price,Derived / no book,"Ratio/rate input, not executable depth or assured redemption capacity.",https://github.com/astraly-labs/pragma-sdk/blob/1fe7bad29874cbe321f65b9b2e815f52333cd34c/pragma-sdk/pragma_sdk/common/fetchers/fetchers/chainlink.py
USDC/USD,BINANCE,True,2026-09-18T09:53:44+00:00,"[""ARGENT"", ""PRAGMA"", ""STARKNET_FOUNDATION""]",2026-09-18T09:54:22.380765+00:00,23015350.290875927,True,0.09992755252285561,USDC/USDT spot,Deeper,,https://api.binance.com/api/v3/depth?symbol=USDCUSDT&limit=5000
USDC/USD,BITGET,True,2026-09-18T09:53:44+00:00,"[""ARGENT"", ""PRAGMA"", ""STARKNET_FOUNDATION"", ""STARKWARE""]",2026-09-18T09:54:22.380765+00:00,18549396.090552524,True,0.09992755252285561,USDC/USDT spot,Deeper,,https://api.bitget.com/api/v2/spot/market/orderbook?symbol=USDCUSDT&type=step0&limit=200
USDC/USD,BITSTAMP,True,2026-09-18T09:53:42+00:00,"[""ARGENT"", ""PRAGMA"", ""STARKNET_FOUNDATION"", ""STARKWARE""]",2026-09-18T09:54:22.380765+00:00,547028.8890732647,True,0.10001250156224017,USDC/USD spot,Deeper,,https://www.bitstamp.net/api/v2/order_book/usdcusd/
USDC/USD,BYBIT,True,2026-09-18T09:53:44+00:00,"[""ARGENT"", ""PRAGMA"", ""STARKNET_FOUNDATION""]",2026-09-18T09:54:22.380765+00:00,12430749.531737195,True,0.9992505620783311,USDC/USDT spot,Deeper,,https://api.bybit.com/v5/market/orderbook?category=spot&symbol=USDCUSDT&limit=200
USDC/USD,GATEIO,True,2026-09-18T09:53:45+00:00,"[""ARGENT"", ""PRAGMA"", ""STARKNET_FOUNDATION"", ""STARKWARE""]",2026-09-18T09:54:22.380765+00:00,28384626.554442026,True,0.9992505620783311,USDC/USDT spot,Deeper,,https://api.gateio.ws/api/v4/spot/order_book?currency_pair=USDC_USDT&limit=1000
USDC/USD,HUOBI,True,2026-09-18T09:53:44+00:00,"[""ARGENT"", ""PRAGMA"", ""STARKNET_FOUNDATION"", ""STARKWARE""]",2026-09-18T09:54:22.380765+00:00,952390.3511530926,True,0.9993504222254435,USDC/USDT spot,Deeper,,https://api.huobi.pro/market/depth?symbol=usdcusdt&type=step0
USDC/USD,KUCOIN,True,2026-09-18T09:53:44+00:00,"[""ARGENT"", ""PRAGMA"", ""STARKNET_FOUNDATION"", ""STARKWARE""]",2026-09-18T09:54:22.380765+00:00,4357887.503314978,True,0.9993504222254435,USDC/USDT spot,Deeper,,https://api.kucoin.com/api/v1/market/orderbook/level2_100?symbol=USDC-USDT
USDC/USD,LBANK,True,2026-09-18T09:53:45+00:00,"[""ARGENT"", ""PRAGMA"", ""STARKNET_FOUNDATION"", ""STARKWARE""]",2026-09-18T09:54:22.380765+00:00,22179641.960318506,True,0.09992755252285561,USDC/USDT spot,Deeper,,https://api.lbkex.com/v2/depth.do?symbol=usdc_usdt&size=200
USDC/USD,OKX,True,2026-09-18T09:53:45+00:00,"[""ARGENT"", ""PRAGMA"", ""STARKNET_FOUNDATION"", ""STARKWARE""]",2026-09-18T09:54:22.380765+00:00,495695.1934367425,True,0.14992616136429032,USDC/USDT perpetual,Deeper,Perpetual contracts; excluded from spot liquidity totals. ,https://www.okx.com/api/v5/market/books?instId=USDC-USDT-SWAP&sz=400
USDT/USD,BINANCE,True,2026-09-18T09:53:44+00:00,"[""ARGENT"", ""PRAGMA"", ""STARKNET_FOUNDATION""]",2026-09-18T09:54:22.380765+00:00,593185.43824,True,0.10008757662909536,USDT/USD spot,Deeper,,https://api.binance.com/api/v3/depth?symbol=USDTUSD&limit=5000
USDT/USD,BITGET,True,2026-09-18T09:53:44+00:00,"[""ARGENT"", ""PRAGMA"", ""STARKNET_FOUNDATION"", ""STARKWARE""]",2026-09-18T09:54:22.380765+00:00,394652.2555347,True,1.9015117018020573,USDT/USD spot,Deeper,,https://api.bitget.com/api/v2/spot/market/orderbook?symbol=USDTUSD&type=step0&limit=200
USDT/USD,BITSTAMP,True,2026-09-18T09:53:43+00:00,"[""ARGENT"", ""PRAGMA"", ""STARKNET_FOUNDATION"", ""STARKWARE""]",2026-09-18T09:54:22.380765+00:00,2474003.891191153,True,0.10008757662909536,USDT/USD spot,Deeper,,https://www.bitstamp.net/api/v2/order_book/usdtusd/
USDT/USD,BYBIT,True,2026-09-18T09:53:44+00:00,"[""ARGENT"", ""PRAGMA"", ""STARKNET_FOUNDATION""]",2026-09-18T09:54:22.380765+00:00,1508004.438671,True,1.0008507231145374,USDT/USD spot,Deeper,,https://api.bybit.com/v5/market/orderbook?category=spot&symbol=USDTUSD&limit=200
USDT/USD,EKUBO,True,2026-09-18T09:53:45+00:00,"[""ARGENT"", ""PRAGMA"", ""STARKNET_FOUNDATION"", ""STARKWARE""]",2026-09-18T09:54:22.380765+00:00,,,,"One-hour oracle-pool TWAP, routed through EKUBO",Unverified depth,"Base and quote oracle-pool legs share dependencies. The SDK guard is a reserve threshold, not a 1% executable-depth test. Routed AVNU liquidity is not necessarily this oracle pool.",https://github.com/astraly-labs/pragma-sdk/blob/1fe7bad29874cbe321f65b9b2e815f52333cd34c/pragma-sdk/pragma_sdk/common/fetchers/fetchers/ekubo.py
USDT/USD,PYTH,False,2026-08-26T16:10:16+00:00,"[""ARGENT"", ""PRAGMA"", ""STARKWARE""]",2026-09-18T09:54:22.380765+00:00,,,,Historical oracle input,Derived / no book,No recently reported observation; excluded from current coverage. No current executable depth is inferred.,https://github.com/astraly-labs/pragma-sdk/blob/1fe7bad29874cbe321f65b9b2e815f52333cd34c/pragma-sdk/pragma_sdk/common/fetchers/fetchers/pyth.py
USN/USD,USN_ORACLE,True,2026-09-18T09:51:03+00:00,"[""ARGENT"", ""PRAGMA"", ""STARKNET_FOUNDATION"", ""STARKWARE""]",2026-09-18T09:54:22.380765+00:00,,,,USN fixed-rate oracle,Derived / no book,Fixed rate cannot demonstrate secondary-market liquidity or detect a depeg.,https://github.com/astraly-labs/pragma-sdk/blob/1fe7bad29874cbe321f65b9b2e815f52333cd34c/pragma-sdk/pragma_sdk/common/fetchers/fetchers/usn.py
WBTC/BTC,BINANCE,True,2026-09-18T10:00:53+00:00,"[""PRAGMA""]",2026-09-18T10:05:27.439896+00:00,11345071.34406066,True,1.0005503026674674,WBTC/BTC spot,Deeper,,https://api.binance.com/api/v3/depth?symbol=WBTCBTC&limit=5000
WBTC/BTC,BYBIT,True,2026-09-18T10:00:53+00:00,"[""PRAGMA""]",2026-09-18T10:05:27.439896+00:00,1194109.539802193,True,1.0002500625155186,WBTC/BTC spot,Deeper,,https://api.bybit.com/v5/market/orderbook?category=spot&symbol=WBTCBTC&limit=200
WBTC/BTC,DEFILLAMA,True,2026-09-18T10:00:52+00:00,"[""PRAGMA""]",2026-09-18T10:05:27.439896+00:00,,,,CoinGecko-keyed price via DeFiLlama,Unverified depth,"Aggregator price, not an executable venue. Underlying constituent weights and independent depth not exposed. Upstream observation was 2 minutes old when independently fetched at 09:59:44 UTC.",https://coins.llama.fi/prices/current/coingecko:wrapped-bitcoin
WBTC/BTC,GATEIO,True,2026-09-18T10:00:55+00:00,"[""PRAGMA""]",2026-09-18T10:05:27.439896+00:00,,,,WBTC/BTC spot,Unverified,Direct pair unavailable. SDK fallback uses WBTC/USDT divided by BTC/USDT; both leg books are included in the evidence. No direct-pair depth is claimed.,https://api.gateio.ws/api/v4/spot/order_book?currency_pair=WBTC_BTC&limit=1000
WBTC/BTC,KUCOIN,True,2026-09-18T10:00:53+00:00,"[""PRAGMA""]",2026-09-18T10:05:27.439896+00:00,64370.81768784657,True,12.19256253685251,WBTC/BTC spot,Thin,,https://api.kucoin.com/api/v1/market/orderbook/level2_100?symbol=WBTC-BTC
WBTC/USD,BINANCE,True,2026-09-18T09:53:44+00:00,"[""ARGENT"", ""PRAGMA"", ""STARKNET_FOUNDATION""]",2026-09-18T09:54:22.380765+00:00,204317.232358309,True,0.052448497335007734,WBTC/USDT spot,Deeper,,https://api.binance.com/api/v3/depth?symbol=WBTCUSDT&limit=5000
WBTC/USD,BITGET,True,2026-09-18T09:53:44+00:00,"[""ARGENT"", ""PRAGMA"", ""STARKNET_FOUNDATION"", ""STARKWARE""]",2026-09-18T09:54:22.380765+00:00,145535.19523220538,True,9.176360824233925,WBTC/USDT spot,Deeper,,https://api.bitget.com/api/v2/spot/market/orderbook?symbol=WBTCUSDT&type=step0&limit=200
WBTC/USD,BYBIT,True,2026-09-18T09:53:44+00:00,"[""ARGENT"", ""PRAGMA"", ""STARKNET_FOUNDATION""]",2026-09-18T09:54:22.380765+00:00,21595.766696801278,True,7.060656410807035,WBTC/USDT spot,Thin,,https://api.bybit.com/v5/market/orderbook?category=spot&symbol=WBTCUSDT&limit=200
WBTC/USD,DEFILLAMA,True,2026-09-18T09:53:43+00:00,"[""ARGENT"", ""PRAGMA"", ""STARKNET_FOUNDATION"", ""STARKWARE""]",2026-09-18T09:54:22.380765+00:00,,,,CoinGecko-keyed price via DeFiLlama,Unverified depth,"Aggregator price, not an executable venue. Underlying constituent weights and independent depth not exposed. Upstream observation was 2 minutes old when independently fetched at 09:59:44 UTC.",https://coins.llama.fi/prices/current/coingecko:wrapped-bitcoin
WBTC/USD,EKUBO,True,2026-09-18T09:53:45+00:00,"[""ARGENT"", ""PRAGMA"", ""STARKNET_FOUNDATION"", ""STARKWARE""]",2026-09-18T09:54:22.380765+00:00,,,,"One-hour oracle-pool TWAP, routed through EKUBO",Unverified depth,"Base and quote oracle-pool legs share dependencies. The SDK guard is a reserve threshold, not a 1% executable-depth test. Routed AVNU liquidity is not necessarily this oracle pool.",https://github.com/astraly-labs/pragma-sdk/blob/1fe7bad29874cbe321f65b9b2e815f52333cd34c/pragma-sdk/pragma_sdk/common/fetchers/fetchers/ekubo.py
WBTC/USD,GATEIO,True,2026-09-18T09:53:45+00:00,"[""ARGENT"", ""PRAGMA"", ""STARKNET_FOUNDATION"", ""STARKWARE""]",2026-09-18T09:54:22.380765+00:00,43680.60568777125,True,23.694135829319972,WBTC/USDT spot,Thin,,https://api.gateio.ws/api/v4/spot/order_book?currency_pair=WBTC_USDT&limit=1000
WBTC/USD,KUCOIN,True,2026-09-18T09:53:44+00:00,"[""ARGENT"", ""PRAGMA"", ""STARKNET_FOUNDATION"", ""STARKWARE""]",2026-09-18T09:54:22.380765+00:00,27262.838849615626,True,22.297959052850977,WBTC/USDT spot,Thin,,https://api.kucoin.com/api/v1/market/orderbook/level2_100?symbol=WBTC-USDT
WBTC/USD,LBANK,True,2026-09-18T09:53:45+00:00,"[""ARGENT"", ""PRAGMA"", ""STARKNET_FOUNDATION"", ""STARKWARE""]",2026-09-18T09:54:22.380765+00:00,153472.7883263061,True,30.0005347187244,WBTC/USDT spot,Deeper,,https://api.lbkex.com/v2/depth.do?symbol=wbtc_usdt&size=200
WSTETH/USD,CHAINLINK_WSTETH,False,2026-07-12T11:31:13+00:00,"[""ARGENT"", ""PRAGMA"", ""STARKWARE""]",2026-09-18T09:54:22.380765+00:00,,,,Historical oracle input,Derived / no book,No recently reported observation; excluded from current coverage. No current executable depth is inferred.,https://github.com/astraly-labs/pragma-sdk/blob/1fe7bad29874cbe321f65b9b2e815f52333cd34c/pragma-sdk/pragma_sdk/common/fetchers/fetchers/chainlink.py
WSTETH/USD,CUSTOM,True,2026-09-18T09:51:03+00:00,"[""ARGENT"", ""PRAGMA"", ""STARKNET_FOUNDATION"", ""STARKWARE""]",2026-09-18T09:54:22.380765+00:00,,,,Chainlink conversion feed × underlying USD price,Derived / no book,"Ratio/rate input, not executable depth or assured redemption capacity.",https://github.com/astraly-labs/pragma-sdk/blob/1fe7bad29874cbe321f65b9b2e815f52333cd34c/pragma-sdk/pragma_sdk/common/fetchers/fetchers/chainlink.py
WSTETH/USD,LIDO,True,2026-09-18T09:51:03+00:00,"[""ARGENT"", ""PRAGMA"", ""STARKNET_FOUNDATION"", ""STARKWARE""]",2026-09-18T09:54:22.380765+00:00,,,,Lido wstETH/stETH rate × ETH/USD,Derived / no book,Same contract rate under two labels; count as one valuation dependency. stETH/ETH market discount and exits are separate risks.,https://github.com/astraly-labs/pragma-sdk/blob/1fe7bad29874cbe321f65b9b2e815f52333cd34c/pragma-sdk/pragma_sdk/common/fetchers/fetchers/wsteth.py
WSTETH/USD,PYTH,False,2026-08-26T16:13:44+00:00,"[""ARGENT"", ""PRAGMA"", ""STARKWARE""]",2026-09-18T09:54:22.380765+00:00,,,,Historical oracle input,Derived / no book,No recently reported observation; excluded from current coverage. No current executable depth is inferred.,https://github.com/astraly-labs/pragma-sdk/blob/1fe7bad29874cbe321f65b9b2e815f52333cd34c/pragma-sdk/pragma_sdk/common/fetchers/fetchers/pyth.py
WSTETH/USD,REDSTONE_WSTETH,True,2026-09-18T09:51:03+00:00,"[""ARGENT"", ""PRAGMA"", ""STARKNET_FOUNDATION"", ""STARKWARE""]",2026-09-18T09:54:22.380765+00:00,,,,RedStone conversion feed × underlying USD price,Derived / no book,Ratio input; independent liquidation depth and redemption capacity not established.,https://github.com/astraly-labs/pragma-sdk/blob/1fe7bad29874cbe321f65b9b2e815f52333cd34c/pragma-sdk/pragma_sdk/common/fetchers/fetchers/redstone.py
WSTETH/USD,WSTETH_RATE,True,2026-09-18T09:51:03+00:00,"[""ARGENT"", ""PRAGMA"", ""STARKNET_FOUNDATION"", ""STARKWARE""]",2026-09-18T09:54:22.380765+00:00,,,,Lido wstETH/stETH rate × ETH/USD,Derived / no book,Same contract rate under two labels; count as one valuation dependency. stETH/ETH market discount and exits are separate risks.,https://github.com/astraly-labs/pragma-sdk/blob/1fe7bad29874cbe321f65b9b2e815f52333cd34c/pragma-sdk/pragma_sdk/common/fetchers/fetchers/wsteth.py
XSTRK/USD,AVNU,True,2026-09-18T09:44:31+00:00,"[""AVNU""]",2026-09-18T09:54:22.380765+00:00,,,,Starknet aggregated market price,Unverified depth,Routed execution quotes are shown separately. They do not reveal the publisher price methodology or establish independence from other DEX aggregators.,https://docs.avnu.fi/api/swap/get-quotes
XSTRK/USD,EKUBO,False,2026-09-08T08:55:02+00:00,"[""PRAGMA""]",2026-09-18T09:54:22.380765+00:00,,,,"One-hour oracle-pool TWAP, routed through EKUBO",Unverified depth,"Base and quote oracle-pool legs share dependencies. The SDK guard is a reserve threshold, not a 1% executable-depth test. Routed AVNU liquidity is not necessarily this oracle pool.",https://github.com/astraly-labs/pragma-sdk/blob/1fe7bad29874cbe321f65b9b2e815f52333cd34c/pragma-sdk/pragma_sdk/common/fetchers/fetchers/ekubo.py
XSTRK/USD,GECKOTERMINAL,True,2026-09-18T09:36:59+00:00,"[""PRAGMA""]",2026-09-18T09:54:22.380765+00:00,,,,Top-ranked token pool price,Unverified depth,"Top-pool selection can change. The routed DEX quote below is market context, not a measurement of the exact pool selected by the publisher.",https://apiguide.geckoterminal.com/faq
